course,shift,modality,min,max
ADMINISTRAÇÃO,Matutino,1.1,"556,76","561,02"
ADMINISTRAÇÃO,Matutino,1.2,"607,82","714,06"
ADMINISTRAÇÃO,Matutino,2.1,"470,00","610,10"
ADMINISTRAÇÃO,Matutino,2.2,"641,98","694,48"
ADMINISTRAÇÃO,Matutino,3.1,"526,64","649,92"
ADMINISTRAÇÃO,Matutino,3.2,"604,52","695,90"
ADMINISTRAÇÃO,Matutino,4.1,"595,02","595,02"
ADMINISTRAÇÃO,Matutino,4.2,"649,10","712,04"
ADMINISTRAÇÃO,Matutino,x,"707,58","775,66"
ADMINISTRAÇÃO,Noturno,1.1,"409,40","585,14"
ADMINISTRAÇÃO,Noturno,1.2,"650,68","672,48"
ADMINISTRAÇÃO,Noturno,2.1,"565,84","629,28"
ADMINISTRAÇÃO,Noturno,2.2,"665,82","700,98"
ADMINISTRAÇÃO,Noturno,3.1,"571,54","581,02"
ADMINISTRAÇÃO,Noturno,3.2,"688,20","703,42"
ADMINISTRAÇÃO,Noturno,4.1,"558,04","588,56"
ADMINISTRAÇÃO,Noturno,4.2,"688,82","722,68"
ADMINISTRAÇÃO,Noturno,x,"701,40","761,32"
ADMINISTRAÇÃO (MONTES CLAROS),Noturno,1.1,"555,68","555,68"
ADMINISTRAÇÃO (MONTES CLAROS),Noturno,1.2,"602,70","657,46"
ADMINISTRAÇÃO (MONTES CLAROS),Noturno,2.1,"587,44","587,44"
ADMINISTRAÇÃO (MONTES CLAROS),Noturno,2.2,"600,86","665,26"
ADMINISTRAÇÃO (MONTES CLAROS),Noturno,3.1,"543,50","564,48"
ADMINISTRAÇÃO (MONTES CLAROS),Noturno,3.2,"594,72","667,70"
ADMINISTRAÇÃO (MONTES CLAROS),Noturno,4.1,"562,34","562,34"
ADMINISTRAÇÃO (MONTES CLAROS),Noturno,4.2,"603,74","688,40"
ADMINISTRAÇÃO (MONTES CLAROS),Noturno,x,"608,70","716,84"
AGRONOMIA,Matutino,1.1,"534,86","586,14"
AGRONOMIA,Matutino,1.2,"598,84","645,86"
AGRONOMIA,Matutino,2.1,"559,12","559,12"
AGRONOMIA,Matutino,2.2,"535,48","676,46"
AGRONOMIA,Matutino,3.1,"503,70","593,30"
AGRONOMIA,Matutino,3.2,"561,62","688,18"
AGRONOMIA,Matutino,4.1,"508,16","508,16"
AGRONOMIA,Matutino,4.2,"527,50","709,02"
AGRONOMIA,Matutino,x,"591,92","711,54"
ANTROPOLOGIA,Noturno,1.1,"284,76","511,84"
ANTROPOLOGIA,Noturno,1.2,"621,90","641,68"
ANTROPOLOGIA,Noturno,2.2,"639,12","691,52"
ANTROPOLOGIA,Noturno,3.1,"544,40","544,40"
ANTROPOLOGIA,Noturno,3.2,"573,22","682,18"
ANTROPOLOGIA,Noturno,4.1,"578,78","578,78"
ANTROPOLOGIA,Noturno,4.2,"661,82","719,90"
ANTROPOLOGIA,Noturno,x,"662,90","748,18"
AQUACULTURA,Matutino,1.1,"471,48","607,10"
AQUACULTURA,Matutino,1.2,"521,38","646,24"
AQUACULTURA,Matutino,2.1,"597,30","597,30"
AQUACULTURA,Matutino,2.2,"481,40","640,80"
AQUACULTURA,Matutino,3.1,"439,80","540,78"
AQUACULTURA,Matutino,3.2,"517,16","642,06"
AQUACULTURA,Matutino,4.1,"412,16","412,16"
AQUACULTURA,Matutino,4.2,"613,58","686,50"
AQUACULTURA,Matutino,x,"615,42","714,98"
ARQUITETURA E URBANISMO,Matutino,1.1,"422,68","587,00"
ARQUITETURA E URBANISMO,Matutino,1.2,"662,68","738,52"
ARQUITETURA E URBANISMO,Matutino,2.1,"605,04","723,76"
ARQUITETURA E URBANISMO,Matutino,2.2,"682,20","718,78"
ARQUITETURA E URBANISMO,Matutino,3.1,"507,12","618,06"
ARQUITETURA E URBANISMO,Matutino,3.2,"668,50","739,30"
ARQUITETURA E URBANISMO,Matutino,4.1,"551,96","616,18"
ARQUITETURA E URBANISMO,Matutino,4.2,"713,32","764,44"
ARQUITETURA E URBANISMO,Matutino,x,"734,08","787,32"
ARQUITETURA E URBANISMO,Noturno,1.1,"519,30","603,56"
ARQUITETURA E URBANISMO,Noturno,1.2,"657,66","728,36"
ARQUITETURA E URBANISMO,Noturno,2.1,"440,92","630,34"
ARQUITETURA E URBANISMO,Noturno,2.2,"688,54","723,34"
ARQUITETURA E URBANISMO,Noturno,3.1,"618,90","669,28"
ARQUITETURA E URBANISMO,Noturno,3.2,"668,92","711,96"
ARQUITETURA E URBANISMO,Noturno,4.1,"597,70","597,70"
ARQUITETURA E URBANISMO,Noturno,4.2,"702,00","736,14"
ARQUITETURA E URBANISMO,Noturno,x,"721,40","773,02"
ARQUIVOLOGIA,Noturno,1.1,"473,34","594,42"
ARQUIVOLOGIA,Noturno,1.2,"598,88","651,54"
ARQUIVOLOGIA,Noturno,2.1,"511,62","557,34"
ARQUIVOLOGIA,Noturno,2.2,"583,94","631,10"
ARQUIVOLOGIA,Noturno,3.1,"514,04","528,24"
ARQUIVOLOGIA,Noturno,3.2,"558,86","652,10"
ARQUIVOLOGIA,Noturno,4.1,"532,52","532,52"
ARQUIVOLOGIA,Noturno,4.2,"595,74","666,82"
ARQUIVOLOGIA,Noturno,x,"608,42","725,78"
BIBLIOTECONOMIA,Matutino,1.1,"489,94","600,38"
BIBLIOTECONOMIA,Matutino,1.2,"595,80","644,22"
BIBLIOTECONOMIA,Matutino,2.1,"410,74","558,84"
BIBLIOTECONOMIA,Matutino,2.2,"579,14","648,20"
BIBLIOTECONOMIA,Matutino,3.1,"477,22","509,46"
BIBLIOTECONOMIA,Matutino,3.2,"596,96","657,22"
BIBLIOTECONOMIA,Matutino,4.1,"456,50","599,82"
BIBLIOTECONOMIA,Matutino,4.2,"590,94","657,00"
BIBLIOTECONOMIA,Matutino,x,"599,08","700,96"
BIBLIOTECONOMIA,Noturno,1.1,"612,54","612,54"
BIBLIOTECONOMIA,Noturno,1.2,"571,88","639,64"
BIBLIOTECONOMIA,Noturno,2.1,"514,94","514,94"
BIBLIOTECONOMIA,Noturno,2.2,"586,06","641,16"
BIBLIOTECONOMIA,Noturno,3.1,"487,26","487,26"
BIBLIOTECONOMIA,Noturno,3.2,"578,88","654,76"
BIBLIOTECONOMIA,Noturno,4.1,"483,04","483,04"
BIBLIOTECONOMIA,Noturno,4.2,"526,56","674,50"
BIBLIOTECONOMIA,Noturno,x,"618,44","724,94"
BIOMEDICINA,Noturno,1.1,"511,32","618,10"
BIOMEDICINA,Noturno,1.2,"657,16","709,56"
BIOMEDICINA,Noturno,2.1,"607,80","607,80"
BIOMEDICINA,Noturno,2.2,"695,54","721,72"
BIOMEDICINA,Noturno,3.1,"475,34","627,98"
BIOMEDICINA,Noturno,3.2,"662,96","718,08"
BIOMEDICINA,Noturno,4.1,"630,02","662,44"
BIOMEDICINA,Noturno,4.2,"717,76","732,14"
BIOMEDICINA,Noturno,x,"692,94","782,20"
CIÊNCIA DA COMPUTAÇÃO,Matutino,1.1,"509,46","592,34"
CIÊNCIA DA COMPUTAÇÃO,Matutino,1.2,"679,16","719,12"
CIÊNCIA DA COMPUTAÇÃO,Matutino,2.1,"460,60","623,54"
CIÊNCIA DA COMPUTAÇÃO,Matutino,2.2,"684,42","758,50"
CIÊNCIA DA COMPUTAÇÃO,Matutino,3.1,"521,50","609,76"
CIÊNCIA DA COMPUTAÇÃO,Matutino,3.2,"680,98","726,90"
CIÊNCIA DA COMPUTAÇÃO,Matutino,4.1,"577,84","628,14"
CIÊNCIA DA COMPUTAÇÃO,Matutino,4.2,"725,60","774,54"
CIÊNCIA DA COMPUTAÇÃO,Matutino,x,"740,92","823,08"
CIÊNCIAS ATUARIAIS,Matutino,1.1,"505,80","505,80"
CIÊNCIAS ATUARIAIS,Matutino,1.2,"599,12","673,68"
CIÊNCIAS ATUARIAIS,Matutino,2.2,"628,94","668,70"
CIÊNCIAS ATUARIAIS,Matutino,3.1,"519,98","519,98"
CIÊNCIAS ATUARIAIS,Matutino,3.2,"628,92","673,82"
CIÊNCIAS ATUARIAIS,Matutino,4.2,"674,30","680,68"
CIÊNCIAS ATUARIAIS,Matutino,x,"674,02","753,40"
CIÊNCIAS BIOLÓGICAS,Matutino,1.1,"505,68","574,34"
CIÊNCIAS BIOLÓGICAS,Matutino,1.2,"627,08","692,26"
CIÊNCIAS BIOLÓGICAS,Matutino,2.1,"495,68","557,86"
CIÊNCIAS BIOLÓGICAS,Matutino,2.2,"652,38","717,94"
CIÊNCIAS BIOLÓGICAS,Matutino,3.1,"492,82","569,98"
CIÊNCIAS BIOLÓGICAS,Matutino,3.2,"632,08","725,28"
CIÊNCIAS BIOLÓGICAS,Matutino,4.1,"517,30","597,72"
CIÊNCIAS BIOLÓGICAS,Matutino,4.2,"655,68","714,26"
CIÊNCIAS BIOLÓGICAS,Matutino,x,"669,02","779,68"
CIÊNCIAS BIOLÓGICAS,Noturno,1.1,"489,46","559,12"
CIÊNCIAS BIOLÓGICAS,Noturno,1.2,"646,86","687,14"
CIÊNCIAS BIOLÓGICAS,Noturno,2.1,"515,62","596,34"
CIÊNCIAS BIOLÓGICAS,Noturno,2.2,"633,60","677,82"
CIÊNCIAS BIOLÓGICAS,Noturno,3.1,"439,16","547,02"
CIÊNCIAS BIOLÓGICAS,Noturno,3.2,"637,16","677,62"
CIÊNCIAS BIOLÓGICAS,Noturno,4.1,"404,44","563,92"
CIÊNCIAS BIOLÓGICAS,Noturno,4.2,"673,62","715,58"
CIÊNCIAS BIOLÓGICAS,Noturno,x,"664,94","755,50"
CIÊNCIAS CONTÁBEIS,Noturno,1.1,"472,14","585,68"
CIÊNCIAS CONTÁBEIS,Noturno,1.2,"665,20","679,38"
CIÊNCIAS CONTÁBEIS,Noturno,2.1,"359,22","639,02"
CIÊNCIAS CONTÁBEIS,Noturno,2.2,"674,76","694,10"
CIÊNCIAS CONTÁBEIS,Noturno,3.1,"509,92","604,54"
CIÊNCIAS CONTÁBEIS,Noturno,3.2,"653,26","692,60"
CIÊNCIAS CONTÁBEIS,Noturno,4.1,"517,18","654,24"
CIÊNCIAS CONTÁBEIS,Noturno,4.2,"676,98","748,32"
CIÊNCIAS CONTÁBEIS,Noturno,x,"695,00","755,86"
CIÊNCIAS DO ESTADO,Vespertino,1.1,"523,68","548,82"
CIÊNCIAS DO ESTADO,Vespertino,1.2,"628,84","671,10"
CIÊNCIAS DO ESTADO,Vespertino,2.1,"492,02","520,86"
CIÊNCIAS DO ESTADO,Vespertino,2.2,"561,20","687,40"
CIÊNCIAS DO ESTADO,Vespertino,3.1,"595,50","635,08"
CIÊNCIAS DO ESTADO,Vespertino,3.2,"598,34","698,52"
CIÊNCIAS DO ESTADO,Vespertino,4.1,"613,04","651,04"
CIÊNCIAS DO ESTADO,Vespertino,4.2,"657,18","708,16"
CIÊNCIAS DO ESTADO,Vespertino,x,"666,88","744,90"
CIÊNCIAS ECONÔMICAS,Matutino,1.1,"527,46","538,34"
CIÊNCIAS ECONÔMICAS,Matutino,1.2,"658,96","718,90"
CIÊNCIAS ECONÔMICAS,Matutino,2.1,"523,98","633,26"
CIÊNCIAS ECONÔMICAS,Matutino,2.2,"674,44","717,92"
CIÊNCIAS ECONÔMICAS,Matutino,3.1,"541,16","624,78"
CIÊNCIAS ECONÔMICAS,Matutino,3.2,"659,44","707,54"
CIÊNCIAS ECONÔMICAS,Matutino,4.1,"516,22","584,94"
CIÊNCIAS ECONÔMICAS,Matutino,4.2,"682,08","754,90"
CIÊNCIAS ECONÔMICAS,Matutino,x,"725,90","782,44"
CIÊNCIAS SOCIAIS,Matutino,1.1,"518,50","555,86"
CIÊNCIAS SOCIAIS,Matutino,1.2,"607,84","663,24"
CIÊNCIAS SOCIAIS,Matutino,2.1,"523,56","569,08"
CIÊNCIAS SOCIAIS,Matutino,2.2,"632,88","686,76"
CIÊNCIAS SOCIAIS,Matutino,3.1,"439,78","589,96"
CIÊNCIAS SOCIAIS,Matutino,3.2,"629,88","680,58"
CIÊNCIAS SOCIAIS,Matutino,4.1,"541,18","613,04"
CIÊNCIAS SOCIAIS,Matutino,4.2,"621,74","719,90"
CIÊNCIAS SOCIAIS,Matutino,x,"640,48","749,00"
CIÊNCIAS SOCIOAMBIENTAIS,Noturno,1.1,"505,80","553,18"
CIÊNCIAS SOCIOAMBIENTAIS,Noturno,1.2,"568,76","638,00"
CIÊNCIAS SOCIOAMBIENTAIS,Noturno,2.1,"494,56","550,30"
CIÊNCIAS SOCIOAMBIENTAIS,Noturno,2.2,"597,80","689,18"
CIÊNCIAS SOCIOAMBIENTAIS,Noturno,3.1,"613,16","629,32"
CIÊNCIAS SOCIOAMBIENTAIS,Noturno,3.2,"619,80","651,42"
CIÊNCIAS SOCIOAMBIENTAIS,Noturno,4.1,"559,24","559,24"
CIÊNCIAS SOCIOAMBIENTAIS,Noturno,4.2,"660,04","687,58"
CIÊNCIAS SOCIOAMBIENTAIS,Noturno,x,"620,50","724,08"
CONSERVAÇÃO E RESTAURAÇÃO DE BENS,Matutino,1.1,"490,02","556,02"
CONSERVAÇÃO E RESTAURAÇÃO DE BENS,Matutino,1.2,"589,72","635,86"
CONSERVAÇÃO E RESTAURAÇÃO DE BENS,Matutino,2.1,"528,88","528,88"
CONSERVAÇÃO E RESTAURAÇÃO DE BENS,Matutino,2.2,"609,12","646,74"
CONSERVAÇÃO E RESTAURAÇÃO DE BENS,Matutino,3.1,"538,68","580,92"
CONSERVAÇÃO E RESTAURAÇÃO DE BENS,Matutino,3.2,"548,18","654,72"
CONSERVAÇÃO E RESTAURAÇÃO DE BENS,Matutino,4.1,"551,72","551,72"
CONSERVAÇÃO E RESTAURAÇÃO DE BENS,Matutino,4.2,"566,40","679,92"
CONSERVAÇÃO E RESTAURAÇÃO DE BENS,Matutino,x,"653,56","776,24"
CONTROLADORIA E FINANÇAS,Matutino,1.1,"550,66","556,18"
CONTROLADORIA E FINANÇAS,Matutino,1.2,"599,12","707,28"
CONTROLADORIA E FINANÇAS,Matutino,2.1,"496,40","509,10"
CONTROLADORIA E FINANÇAS,Matutino,2.2,"651,04","683,78"
CONTROLADORIA E FINANÇAS,Matutino,3.1,"530,66","542,46"
CONTROLADORIA E FINANÇAS,Matutino,3.2,"601,88","697,84"
CONTROLADORIA E FINANÇAS,Matutino,4.1,"527,00","532,46"
CONTROLADORIA E FINANÇAS,Matutino,4.2,"680,68","723,08"
CONTROLADORIA E FINANÇAS,Matutino,x,"703,56","763,40"
DESIGN,Noturno,1.1,"399,48","550,12"
DESIGN,Noturno,1.2,"623,34","667,34"
DESIGN,Noturno,2.1,"552,58","552,58"
DESIGN,Noturno,2.2,"639,36","685,84"
DESIGN,Noturno,3.1,"471,52","581,50"
DESIGN,Noturno,3.2,"638,80","726,22"
DESIGN,Noturno,4.1,"577,62","646,90"
DESIGN,Noturno,4.2,"677,66","707,14"
DESIGN,Noturno,x,"660,50","736,96"
DIREITO,Matutino,1.1,"458,24","629,98"
DIREITO,Matutino,1.2,"676,42","730,34"
DIREITO,Matutino,2.1,"448,66","708,98"
DIREITO,Matutino,2.2,"684,16","752,28"
DIREITO,Matutino,3.1,"484,64","655,90"
DIREITO,Matutino,3.2,"679,32","749,76"
DIREITO,Matutino,4.1,"588,06","653,36"
DIREITO,Matutino,4.2,"713,76","774,18"
DIREITO,Matutino,x,"732,18","818,54"
DIREITO,Noturno,1.1,"565,74","680,72"
DIREITO,Noturno,1.2,"676,42","720,84"
DIREITO,Noturno,2.1,"493,28","664,14"
DIREITO,Noturno,2.2,"687,18","738,16"
DIREITO,Noturno,3.1,"450,54","626,46"
DIREITO,Noturno,3.2,"690,62","741,30"
DIREITO,Noturno,4.1,"584,82","706,02"
DIREITO,Noturno,4.2,"720,66","769,46"
DIREITO,Noturno,x,"733,72","790,28"
EDUCAÇÃO FÍSICA (Bacharelado),Matutino,1.1,"484,18","577,62"
EDUCAÇÃO FÍSICA (Bacharelado),Matutino,1.2,"607,66","676,96"
EDUCAÇÃO FÍSICA (Bacharelado),Matutino,2.1,"516,86","665,60"
EDUCAÇÃO FÍSICA (Bacharelado),Matutino,2.2,"640,42","707,02"
EDUCAÇÃO FÍSICA (Bacharelado),Matutino,3.1,"555,90","590,80"
EDUCAÇÃO FÍSICA (Bacharelado),Matutino,3.2,"654,20","686,74"
EDUCAÇÃO FÍSICA (Bacharelado),Matutino,4.1,"408,52","552,24"
EDUCAÇÃO FÍSICA (Bacharelado),Matutino,4.2,"641,42","711,66"
EDUCAÇÃO FÍSICA (Bacharelado),Matutino,x,"659,14","770,50"
EDUCAÇÃO FÍSICA (Bacharelado),Noturno,1.1,"519,10","591,42"
EDUCAÇÃO FÍSICA (Bacharelado),Noturno,1.2,"611,60","671,44"
EDUCAÇÃO FÍSICA (Bacharelado),Noturno,2.1,"412,18","572,06"
EDUCAÇÃO FÍSICA (Bacharelado),Noturno,2.2,"633,64","680,76"
EDUCAÇÃO FÍSICA (Bacharelado),Noturno,3.1,"335,34","570,38"
EDUCAÇÃO FÍSICA (Bacharelado),Noturno,3.2,"656,08","679,58"
EDUCAÇÃO FÍSICA (Bacharelado),Noturno,4.1,"544,74","544,74"
EDUCAÇÃO FÍSICA (Bacharelado),Noturno,4.2,"668,52","695,52"
EDUCAÇÃO FÍSICA (Bacharelado),Noturno,x,"650,48","741,38"
EDUCAÇÃO FÍSICA (Licenciatura),Matutino,1.1,"520,86","554,76"
EDUCAÇÃO FÍSICA (Licenciatura),Matutino,1.2,"600,02","670,02"
EDUCAÇÃO FÍSICA (Licenciatura),Matutino,2.1,"456,82","545,02"
EDUCAÇÃO FÍSICA (Licenciatura),Matutino,2.2,"615,76","660,18"
EDUCAÇÃO FÍSICA (Licenciatura),Matutino,3.1,"474,74","576,70"
EDUCAÇÃO FÍSICA (Licenciatura),Matutino,3.2,"592,12","668,42"
EDUCAÇÃO FÍSICA (Licenciatura),Matutino,4.1,"621,26","621,26"
EDUCAÇÃO FÍSICA (Licenciatura),Matutino,4.2,"610,42","695,46"
EDUCAÇÃO FÍSICA (Licenciatura),Matutino,x,"645,30","715,48"
ENFERMAGEM,Matutino,1.1,"407,86","622,56"
ENFERMAGEM,Matutino,1.2,"644,32","717,74"
ENFERMAGEM,Matutino,2.1,"516,90","625,72"
ENFERMAGEM,Matutino,2.2,"648,48","707,44"
ENFERMAGEM,Matutino,3.1,"485,50","647,00"
ENFERMAGEM,Matutino,3.2,"654,98","711,40"
ENFERMAGEM,Matutino,4.1,"521,26","690,86"
ENFERMAGEM,Matutino,4.2,"660,84","744,18"
ENFERMAGEM,Matutino,x,"669,88","766,76"
ENGENHARIA AEROESPACIAL,Matutino,1.1,"553,62","629,40"
ENGENHARIA AEROESPACIAL,Matutino,1.2,"690,42","727,76"
ENGENHARIA AEROESPACIAL,Matutino,2.1,"623,06","623,06"
ENGENHARIA AEROESPACIAL,Matutino,2.2,"658,56","754,80"
ENGENHARIA AEROESPACIAL,Matutino,3.1,"610,24","696,66"
ENGENHARIA AEROESPACIAL,Matutino,3.2,"722,74","766,94"
ENGENHARIA AEROESPACIAL,Matutino,4.1,"595,42","595,42"
ENGENHARIA AEROESPACIAL,Matutino,4.2,"751,24","767,10"
ENGENHARIA AEROESPACIAL,Matutino,x,"758,12","822,40"
ENGENHARIA AGRÍCOLA E AMBIENTAL,Matutino,1.1,"559,12","601,36"
ENGENHARIA AGRÍCOLA E AMBIENTAL,Matutino,1.2,"549,80","646,46"
ENGENHARIA AGRÍCOLA E AMBIENTAL,Matutino,2.1,"434,46","577,12"
ENGENHARIA AGRÍCOLA E AMBIENTAL,Matutino,2.2,"594,78","650,10"
ENGENHARIA AGRÍCOLA E AMBIENTAL,Matutino,3.1,"518,96","575,64"
ENGENHARIA AGRÍCOLA E AMBIENTAL,Matutino,3.2,"531,56","636,84"
ENGENHARIA AGRÍCOLA E AMBIENTAL,Matutino,4.1,"496,62","516,84"
ENGENHARIA AGRÍCOLA E AMBIENTAL,Matutino,4.2,"532,38","656,68"
ENGENHARIA AGRÍCOLA E AMBIENTAL,Matutino,x,"552,70","719,02"
ENGENHARIA AMBIENTAL,Matutino,1.1,"536,86","562,54"
ENGENHARIA AMBIENTAL,Matutino,1.2,"625,60","688,64"
ENGENHARIA AMBIENTAL,Matutino,2.1,"357,94","544,30"
ENGENHARIA AMBIENTAL,Matutino,2.2,"627,06","703,54"
ENGENHARIA AMBIENTAL,Matutino,3.1,"456,84","591,48"
ENGENHARIA AMBIENTAL,Matutino,3.2,"625,14","697,64"
ENGENHARIA AMBIENTAL,Matutino,4.1,"581,30","581,30"
ENGENHARIA AMBIENTAL,Matutino,4.2,"651,78","741,82"
ENGENHARIA AMBIENTAL,Matutino,x,"679,80","753,90"
ENGENHARIA CIVIL,Matutino,1.1,"497,92","633,64"
ENGENHARIA CIVIL,Matutino,1.2,"665,90","712,26"
ENGENHARIA CIVIL,Matutino,2.1,"516,94","609,88"
ENGENHARIA CIVIL,Matutino,2.2,"672,80","732,20"
ENGENHARIA CIVIL,Matutino,3.1,"495,82","655,58"
ENGENHARIA CIVIL,Matutino,3.2,"651,00","725,10"
ENGENHARIA CIVIL,Matutino,4.1,"463,56","636,54"
ENGENHARIA CIVIL,Matutino,4.2,"693,90","762,04"
ENGENHARIA CIVIL,Matutino,x,"696,28","782,80"
ENGENHARIA DE ALIMENTOS,Matutino,1.1,"587,10","587,10"
ENGENHARIA DE ALIMENTOS,Matutino,1.2,"519,02","656,68"
ENGENHARIA DE ALIMENTOS,Matutino,2.1,"487,86","555,06"
ENGENHARIA DE ALIMENTOS,Matutino,2.2,"511,58","670,44"
ENGENHARIA DE ALIMENTOS,Matutino,3.1,"631,86","631,86"
ENGENHARIA DE ALIMENTOS,Matutino,3.2,"514,48","633,62"
ENGENHARIA DE ALIMENTOS,Matutino,4.1,"504,84","536,38"
ENGENHARIA DE ALIMENTOS,Matutino,4.2,"467,44","679,24"
ENGENHARIA DE ALIMENTOS,Matutino,x,"515,84","748,32"
ENGENHARIA DE CONTROLE E AUTOMAÇÃO,Matutino,1.1,"536,42","536,42"
ENGENHARIA DE CONTROLE E AUTOMAÇÃO,Matutino,1.2,"656,32","723,64"
ENGENHARIA DE CONTROLE E AUTOMAÇÃO,Matutino,2.1,"565,12","566,74"
ENGENHARIA DE CONTROLE E AUTOMAÇÃO,Matutino,2.2,"667,42","713,76"
ENGENHARIA DE CONTROLE E AUTOMAÇÃO,Matutino,3.1,"503,32","569,76"
ENGENHARIA DE CONTROLE E AUTOMAÇÃO,Matutino,3.2,"689,20","762,64"
ENGENHARIA DE CONTROLE E AUTOMAÇÃO,Matutino,4.1,"557,22","671,60"
ENGENHARIA DE CONTROLE E AUTOMAÇÃO,Matutino,4.2,"706,66","792,62"
ENGENHARIA DE CONTROLE E AUTOMAÇÃO,Matutino,x,"711,14","789,66"
ENGENHARIA DE CONTROLE E AUTOMAÇÃO,Noturno,1.1,"437,30","613,34"
ENGENHARIA DE CONTROLE E AUTOMAÇÃO,Noturno,1.2,"652,62","702,76"
ENGENHARIA DE CONTROLE E AUTOMAÇÃO,Noturno,2.1,"663,30","663,30"
ENGENHARIA DE CONTROLE E AUTOMAÇÃO,Noturno,2.2,"694,36","716,70"
ENGENHARIA DE CONTROLE E AUTOMAÇÃO,Noturno,3.1,"459,60","590,92"
ENGENHARIA DE CONTROLE E AUTOMAÇÃO,Noturno,3.2,"710,94","741,14"
ENGENHARIA DE CONTROLE E AUTOMAÇÃO,Noturno,4.1,"488,42","576,68"
ENGENHARIA DE CONTROLE E AUTOMAÇÃO,Noturno,4.2,"688,22","746,76"
ENGENHARIA DE CONTROLE E AUTOMAÇÃO,Noturno,x,"709,64","756,56"
ENGENHARIA DE MINAS,Matutino,1.1,"560,24","567,34"
ENGENHARIA DE MINAS,Matutino,1.2,"628,80","700,62"
ENGENHARIA DE MINAS,Matutino,2.2,"633,30","723,14"
ENGENHARIA DE MINAS,Matutino,3.1,"575,78","622,02"
ENGENHARIA DE MINAS,Matutino,3.2,"658,14","719,32"
ENGENHARIA DE MINAS,Matutino,4.2,"695,52","738,46"
ENGENHARIA DE MINAS,Matutino,x,"698,78","752,22"
ENGENHARIA DE PRODUÇÃO,Matutino,1.1,"549,94","617,00"
ENGENHARIA DE PRODUÇÃO,Matutino,1.2,"616,70","705,20"
ENGENHARIA DE PRODUÇÃO,Matutino,2.1,"572,72","603,82"
ENGENHARIA DE PRODUÇÃO,Matutino,2.2,"651,66","727,90"
ENGENHARIA DE PRODUÇÃO,Matutino,3.1,"520,52","615,34"
ENGENHARIA DE PRODUÇÃO,Matutino,3.2,"679,80","738,32"
ENGENHARIA DE PRODUÇÃO,Matutino,4.1,"515,06","542,28"
ENGENHARIA DE PRODUÇÃO,Matutino,4.2,"645,30","753,58"
ENGENHARIA DE PRODUÇÃO,Matutino,x,"733,96","796,36"
ENGENHARIA DE SISTEMAS,Noturno,1.1,"554,80","562,02"
ENGENHARIA DE SISTEMAS,Noturno,1.2,"652,06","708,08"
ENGENHARIA DE SISTEMAS,Noturno,2.1,"584,18","584,18"
ENGENHARIA DE SISTEMAS,Noturno,2.2,"681,16","695,08"
ENGENHARIA DE SISTEMAS,Noturno,3.1,"583,40","634,92"
ENGENHARIA DE SISTEMAS,Noturno,3.2,"695,08","705,88"
ENGENHARIA DE SISTEMAS,Noturno,4.1,"545,04","638,94"
ENGENHARIA DE SISTEMAS,Noturno,4.2,"672,24","741,88"
ENGENHARIA DE SISTEMAS,Noturno,x,"702,28","783,56"
ENGENHARIA ELÉTRICA,Matutino,1.1,"476,54","563,62"
ENGENHARIA ELÉTRICA,Matutino,1.2,"672,06","762,18"
ENGENHARIA ELÉTRICA,Matutino,2.1,"495,24","647,70"
ENGENHARIA ELÉTRICA,Matutino,2.2,"678,82","747,60"
ENGENHARIA ELÉTRICA,Matutino,3.1,"572,94","597,68"
ENGENHARIA ELÉTRICA,Matutino,3.2,"701,50","744,50"
ENGENHARIA ELÉTRICA,Matutino,4.1,"549,44","705,74"
ENGENHARIA ELÉTRICA,Matutino,4.2,"725,10","781,72"
ENGENHARIA ELÉTRICA,Matutino,x,"730,00","805,94"
ENGENHARIA FLORESTAL,Matutino,1.2,"577,86","656,10"
ENGENHARIA FLORESTAL,Matutino,2.1,"534,96","534,96"
ENGENHARIA FLORESTAL,Matutino,2.2,"568,02","665,00"
ENGENHARIA FLORESTAL,Matutino,3.1,"530,90","530,90"
ENGENHARIA FLORESTAL,Matutino,3.2,"582,84","645,32"
ENGENHARIA FLORESTAL,Matutino,4.1,"572,08","572,08"
ENGENHARIA FLORESTAL,Matutino,4.2,"551,86","669,86"
ENGENHARIA FLORESTAL,Matutino,x,"580,90","709,58"
ENGENHARIA MECÂNICA,Matutino,1.1,"528,30","632,12"
ENGENHARIA MECÂNICA,Matutino,1.2,"676,34","716,76"
ENGENHARIA MECÂNICA,Matutino,2.1,"564,60","601,80"
ENGENHARIA MECÂNICA,Matutino,2.2,"653,34","754,38"
ENGENHARIA MECÂNICA,Matutino,3.1,"531,84","577,16"
ENGENHARIA MECÂNICA,Matutino,3.2,"688,18","755,88"
ENGENHARIA MECÂNICA,Matutino,4.1,"597,62","608,48"
ENGENHARIA MECÂNICA,Matutino,4.2,"702,96","763,66"
ENGENHARIA MECÂNICA,Matutino,x,"733,80","800,24"
ENGENHARIA MECÂNICA,Noturno,1.1,"562,86","615,82"
ENGENHARIA MECÂNICA,Noturno,1.2,"686,16","716,38"
ENGENHARIA MECÂNICA,Noturno,2.1,"306,86","600,56"
ENGENHARIA MECÂNICA,Noturno,2.2,"690,68","716,82"
ENGENHARIA MECÂNICA,Noturno,3.1,"515,06","639,86"
ENGENHARIA MECÂNICA,Noturno,3.2,"675,64","716,22"
ENGENHARIA MECÂNICA,Noturno,4.1,"594,90","599,16"
ENGENHARIA MECÂNICA,Noturno,4.2,"712,74","764,44"
ENGENHARIA MECÂNICA,Noturno,x,"713,50","776,64"
ENGENHARIA METALÚRGICA,Matutino,1.1,"497,44","570,12"
ENGENHARIA METALÚRGICA,Matutino,1.2,"627,84","681,98"
ENGENHARIA METALÚRGICA,Matutino,2.1,"478,20","478,20"
ENGENHARIA METALÚRGICA,Matutino,2.2,"666,80","702,28"
ENGENHARIA METALÚRGICA,Matutino,3.1,"509,88","544,80"
ENGENHARIA METALÚRGICA,Matutino,3.2,"648,04","707,94"
ENGENHARIA METALÚRGICA,Matutino,4.1,"547,02","547,02"
ENGENHARIA METALÚRGICA,Matutino,4.2,"599,46","721,16"
ENGENHARIA METALÚRGICA,Matutino,x,"672,30","746,84"
ENGENHARIA QUÍMICA,Matutino,1.1,"510,54","599,60"
ENGENHARIA QUÍMICA,Matutino,1.2,"692,14","736,12"
ENGENHARIA QUÍMICA,Matutino,2.1,"554,12","554,12"
ENGENHARIA QUÍMICA,Matutino,2.2,"720,86","744,42"
ENGENHARIA QUÍMICA,Matutino,3.1,"585,18","612,24"
ENGENHARIA QUÍMICA,Matutino,3.2,"667,34","738,30"
ENGENHARIA QUÍMICA,Matutino,4.1,"585,94","585,94"
ENGENHARIA QUÍMICA,Matutino,4.2,"743,94","787,34"
ENGENHARIA QUÍMICA,Matutino,x,"755,36","821,76"
ESTATÍSTICA,Matutino,1.1,"529,70","539,80"
ESTATÍSTICA,Matutino,1.2,"609,72","687,64"
ESTATÍSTICA,Matutino,2.1,"459,22","484,22"
ESTATÍSTICA,Matutino,2.2,"665,60","724,46"
ESTATÍSTICA,Matutino,3.1,"650,84","650,84"
ESTATÍSTICA,Matutino,3.2,"637,48","669,80"
ESTATÍSTICA,Matutino,4.2,"677,88","734,20"
ESTATÍSTICA,Matutino,x,"674,72","760,58"
FARMÁCIA,Matutino,1.1,"504,58","582,90"
FARMÁCIA,Matutino,1.2,"639,28","697,46"
FARMÁCIA,Matutino,2.1,"473,86","586,04"
FARMÁCIA,Matutino,2.2,"648,54","733,34"
FARMÁCIA,Matutino,3.1,"499,70","605,78"
FARMÁCIA,Matutino,3.2,"638,76","689,90"
FARMÁCIA,Matutino,4.1,"566,18","613,42"
FARMÁCIA,Matutino,4.2,"659,54","729,40"
FARMÁCIA,Matutino,x,"663,62","790,42"
FARMÁCIA,Noturno,1.1,"529,98","581,28"
FARMÁCIA,Noturno,1.2,"627,18","683,36"
FARMÁCIA,Noturno,2.1,"503,16","560,00"
FARMÁCIA,Noturno,2.2,"639,82","711,82"
FARMÁCIA,Noturno,3.1,"450,40","594,04"
FARMÁCIA,Noturno,3.2,"629,84","695,94"
FARMÁCIA,Noturno,4.1,"614,66","630,22"
FARMÁCIA,Noturno,4.2,"660,86","757,98"
FARMÁCIA,Noturno,x,"662,82","754,48"
FILOSOFIA,Matutino,1.1,"516,20","542,86"
FILOSOFIA,Matutino,1.2,"613,42","663,00"
FILOSOFIA,Matutino,2.1,"582,18","582,18"
FILOSOFIA,Matutino,2.2,"623,02","661,08"
FILOSOFIA,Matutino,3.1,"598,78","598,78"
FILOSOFIA,Matutino,3.2,"643,32","672,70"
FILOSOFIA,Matutino,4.1,"523,58","556,06"
FILOSOFIA,Matutino,4.2,"646,96","687,70"
FILOSOFIA,Matutino,x,"660,30","782,10"
FILOSOFIA,,Noturno,1.1,"496,78","551,86"
FILOSOFIA,,Noturno,1.2,"571,20","665,70"
FILOSOFIA,,Noturno,2.1,"565,16","565,16"
FILOSOFIA,,Noturno,2.2,"591,06","678,24"
FILOSOFIA,,Noturno,3.1,"546,86","546,86"
FILOSOFIA,,Noturno,3.2,"603,26","683,24"
FILOSOFIA,,Noturno,4.1,"661,16","661,16"
FILOSOFIA,,Noturno,4.2,"647,76","722,72"
FILOSOFIA,,Noturno,x,"651,40","742,40"
FISIOTERAPIA,,Matutino,1.1,"466,02","564,78"
FISIOTERAPIA,,Matutino,1.2,"651,12","701,82"
FISIOTERAPIA,,Matutino,2.1,"235,70","626,00"
FISIOTERAPIA,,Matutino,2.2,"635,10","722,70"
FISIOTERAPIA,,Matutino,3.1,"473,80","627,58"
FISIOTERAPIA,,Matutino,3.2,"655,98","712,64"
FISIOTERAPIA,,Matutino,4.1,"428,96","643,58"
FISIOTERAPIA,,Matutino,4.2,"671,22","717,02"
FISIOTERAPIA,,Matutino,x,"683,38","766,52"
FONOAUDIOLOGIA,,Matutino,1.1,"455,10","516,02"
FONOAUDIOLOGIA,,Matutino,1.2,"641,66","676,76"
FONOAUDIOLOGIA,,Matutino,2.1,"646,06","646,06"
FONOAUDIOLOGIA,,Matutino,2.2,"640,62","712,86"
FONOAUDIOLOGIA,,Matutino,3.1,"545,44","606,90"
FONOAUDIOLOGIA,,Matutino,3.2,"632,52","687,18"
FONOAUDIOLOGIA,,Matutino,4.1,"571,64","571,64"
FONOAUDIOLOGIA,,Matutino,4.2,"671,56","703,52"
FONOAUDIOLOGIA,,Matutino,x,"644,92","752,94"
FÍSICA,,Matutino,1.1,"423,10","540,54"
FÍSICA,,Matutino,1.2,"598,26","701,30"
FÍSICA,,Matutino,2.1,"521,68","521,68"
FÍSICA,,Matutino,2.2,"650,14","706,20"
FÍSICA,,Matutino,3.1,"579,66","579,66"
FÍSICA,,Matutino,3.2,"627,20","717,26"
FÍSICA,,Matutino,4.1,"524,20","550,64"
FÍSICA,,Matutino,4.2,"676,02","733,46"
FÍSICA,,Matutino,x,"695,16","805,24"
FÍSICA,,Noturno,1.1,"464,94","526,26"
FÍSICA,,Noturno,1.2,"636,14","674,40"
FÍSICA,,Noturno,2.1,"602,76","602,76"
FÍSICA,,Noturno,2.2,"640,76","675,60"
FÍSICA,,Noturno,3.1,"546,46","546,46"
FÍSICA,,Noturno,3.2,"648,50","704,76"
FÍSICA,,Noturno,4.1,"614,62","614,62"
FÍSICA,,Noturno,4.2,"640,70","727,66"
FÍSICA,,Noturno,x,"671,22","779,32"
GEOGRAFIA,,Matutino,1.1,"486,88","486,88"
,,SISU/UFMG 1ª EDIÇÃO DE 2018 - MÁXIMOS E MÍNIMOS POR CURSO/MODALIDADE,,
GEOGRAFIA,Matutino,1.2,"607,62","675,12"
GEOGRAFIA,Matutino,2.1,"502,80","538,54"
GEOGRAFIA,Matutino,2.2,"641,30","710,66"
GEOGRAFIA,Matutino,3.1,"532,92","532,92"
GEOGRAFIA,Matutino,3.2,"618,30","679,04"
GEOGRAFIA,Matutino,4.1,"532,42","532,42"
GEOGRAFIA,Matutino,4.2,"654,14","680,68"
GEOGRAFIA,Matutino,x,"676,94","740,66"
GEOGRAFIA,Noturno,1.1,"519,82","577,36"
GEOGRAFIA,Noturno,1.2,"595,30","661,26"
GEOGRAFIA,Noturno,2.1,"467,22","597,72"
GEOGRAFIA,Noturno,2.2,"622,64","661,42"
GEOGRAFIA,Noturno,3.1,"524,82","557,46"
GEOGRAFIA,Noturno,3.2,"613,34","656,60"
GEOGRAFIA,Noturno,4.1,"305,98","501,54"
GEOGRAFIA,Noturno,4.2,"630,02","696,36"
GEOGRAFIA,Noturno,x,"640,00","724,80"
GEOLOGIA,Matutino,1.2,"641,98","690,16"
GEOLOGIA,Matutino,2.1,"523,62","525,50"
GEOLOGIA,Matutino,2.2,"672,86","724,72"
GEOLOGIA,Matutino,3.1,"464,44","520,54"
GEOLOGIA,Matutino,3.2,"688,20","720,20"
GEOLOGIA,Matutino,4.1,"645,66","645,66"
GEOLOGIA,Matutino,4.2,"674,20","713,56"
GEOLOGIA,Matutino,x,"704,88","756,70"
GESTÃO DE SERVIÇOS DE SAÚDE,Noturno,1.1,"469,78","550,46"
GESTÃO DE SERVIÇOS DE SAÚDE,Noturno,1.2,"588,40","655,24"
GESTÃO DE SERVIÇOS DE SAÚDE,Noturno,2.1,"479,28","549,22"
GESTÃO DE SERVIÇOS DE SAÚDE,Noturno,2.2,"581,74","647,68"
GESTÃO DE SERVIÇOS DE SAÚDE,Noturno,3.1,"503,78","594,12"
GESTÃO DE SERVIÇOS DE SAÚDE,Noturno,3.2,"604,42","665,54"
GESTÃO DE SERVIÇOS DE SAÚDE,Noturno,4.1,"503,46","526,44"
GESTÃO DE SERVIÇOS DE SAÚDE,Noturno,4.2,"597,36","690,64"
GESTÃO DE SERVIÇOS DE SAÚDE,Noturno,x,"610,50","721,68"
GESTÃO PÚBLICA,Noturno,1.1,"502,36","577,42"
GESTÃO PÚBLICA,Noturno,1.2,"590,24","659,18"
GESTÃO PÚBLICA,Noturno,2.1,"525,12","560,30"
GESTÃO PÚBLICA,Noturno,2.2,"624,18","679,58"
GESTÃO PÚBLICA,Noturno,3.1,"523,82","574,26"
GESTÃO PÚBLICA,Noturno,3.2,"632,52","666,28"
GESTÃO PÚBLICA,Noturno,4.1,"541,74","650,58"
GESTÃO PÚBLICA,Noturno,4.2,"648,00","690,06"
GESTÃO PÚBLICA,Noturno,x,"671,92","765,02"
HISTÓRIA,Matutino,1.1,"535,78","535,78"
HISTÓRIA,Matutino,1.2,"633,38","699,96"
HISTÓRIA,Matutino,2.1,"498,76","627,02"
HISTÓRIA,Matutino,2.2,"601,22","713,68"
HISTÓRIA,Matutino,3.1,"647,82","647,82"
HISTÓRIA,Matutino,3.2,"625,38","712,00"
HISTÓRIA,Matutino,4.1,"592,84","592,84"
HISTÓRIA,Matutino,4.2,"652,72","721,62"
HISTÓRIA,Matutino,x,"687,96","771,82"
HISTÓRIA,Noturno,1.1,"489,18","587,80"
HISTÓRIA,Noturno,1.2,"607,18","682,02"
HISTÓRIA,Noturno,2.1,"415,02","591,04"
HISTÓRIA,Noturno,2.2,"620,28","690,46"
HISTÓRIA,Noturno,3.1,"548,02","548,02"
HISTÓRIA,Noturno,3.2,"633,94","722,52"
HISTÓRIA,Noturno,4.1,"598,74","598,74"
HISTÓRIA,Noturno,4.2,"682,70","709,06"
HISTÓRIA,Noturno,x,"682,76","735,00"
JORNALISMO,Matutino,1.1,"575,10","575,52"
JORNALISMO,Matutino,1.2,"663,24","691,38"
JORNALISMO,Matutino,2.2,"648,44","688,28"
JORNALISMO,Matutino,3.1,"568,20","568,20"
JORNALISMO,Matutino,3.2,"677,52","679,18"
JORNALISMO,Matutino,4.2,"723,18","725,98"
JORNALISMO,Matutino,x,"722,98","759,20"
JORNALISMO,Noturno,1.1,"443,54","586,60"
JORNALISMO,Noturno,1.2,"649,26","678,00"
JORNALISMO,Noturno,2.1,"591,04","595,92"
JORNALISMO,Noturno,2.2,"659,50","689,44"
JORNALISMO,Noturno,3.1,"559,70","559,70"
JORNALISMO,Noturno,3.2,"657,08","687,40"
JORNALISMO,Noturno,4.1,"516,40","587,98"
JORNALISMO,Noturno,4.2,"681,08","699,18"
JORNALISMO,Noturno,x,"708,22","771,40"
LETRAS (Bacharelado),Matutino,1.1,"475,86","537,10"
LETRAS (Bacharelado),Matutino,1.2,"607,68","667,90"
LETRAS (Bacharelado),Matutino,2.1,"567,62","567,62"
LETRAS (Bacharelado),Matutino,2.2,"580,26","695,52"
LETRAS (Bacharelado),Matutino,3.1,"450,00","540,12"
LETRAS (Bacharelado),Matutino,3.2,"562,66","700,56"
LETRAS (Bacharelado),Matutino,4.1,"516,24","516,24"
LETRAS (Bacharelado),Matutino,4.2,"604,70","715,92"
LETRAS (Bacharelado),Matutino,x,"633,22","793,92"
LETRAS (Bacharelado),Noturno,1.1,"497,92","505,34"
LETRAS (Bacharelado),Noturno,1.2,"592,94","656,64"
LETRAS (Bacharelado),Noturno,2.1,"454,00","633,20"
LETRAS (Bacharelado),Noturno,2.2,"533,44","662,64"
LETRAS (Bacharelado),Noturno,3.1,"538,40","568,88"
LETRAS (Bacharelado),Noturno,3.2,"613,58","686,40"
LETRAS (Bacharelado),Noturno,4.1,"494,14","607,82"
LETRAS (Bacharelado),Noturno,4.2,"603,98","686,50"
LETRAS (Bacharelado),Noturno,x,"629,68","748,10"
LETRAS (Licenciatura),Matutino,1.1,"460,90","595,52"
LETRAS (Licenciatura),Matutino,1.2,"575,38","656,88"
LETRAS (Licenciatura),Matutino,2.1,"523,62","538,46"
LETRAS (Licenciatura),Matutino,2.2,"623,08","692,06"
LETRAS (Licenciatura),Matutino,3.1,"544,20","593,58"
LETRAS (Licenciatura),Matutino,3.2,"604,78","676,18"
LETRAS (Licenciatura),Matutino,4.1,"385,80","534,46"
LETRAS (Licenciatura),Matutino,4.2,"603,88","708,48"
LETRAS (Licenciatura),Matutino,x,"636,52","770,60"
LETRAS (Licenciatura),Noturno,1.1,"449,50","582,16"
LETRAS (Licenciatura),Noturno,1.2,"614,02","685,20"
LETRAS (Licenciatura),Noturno,2.1,"423,92","540,68"
LETRAS (Licenciatura),Noturno,2.2,"616,96","680,00"
LETRAS (Licenciatura),Noturno,3.1,"402,58","584,94"
LETRAS (Licenciatura),Noturno,3.2,"618,58","668,20"
LETRAS (Licenciatura),Noturno,4.1,"422,32","551,56"
LETRAS (Licenciatura),Noturno,4.2,"635,66","698,08"
LETRAS (Licenciatura),Noturno,x,"640,32","751,72"
MATEMÁTICA,Matutino,1.1,"534,28","548,82"
MATEMÁTICA,Matutino,1.2,"621,24","707,20"
MATEMÁTICA,Matutino,2.1,"536,82","568,68"
MATEMÁTICA,Matutino,2.2,"566,12","715,68"
MATEMÁTICA,Matutino,3.1,"519,10","542,08"
MATEMÁTICA,Matutino,3.2,"627,02","696,74"
MATEMÁTICA,Matutino,4.1,"420,82","572,64"
MATEMÁTICA,Matutino,4.2,"675,48","721,40"
MATEMÁTICA,Matutino,x,"672,64","784,06"
MATEMÁTICA,Noturno,1.1,"504,78","504,78"
MATEMÁTICA,Noturno,1.2,"620,60","679,86"
MATEMÁTICA,Noturno,2.1,"512,86","531,86"
MATEMÁTICA,Noturno,2.2,"669,76","682,58"
MATEMÁTICA,Noturno,3.1,"568,32","568,32"
MATEMÁTICA,Noturno,3.2,"638,84","704,98"
MATEMÁTICA,Noturno,4.2,"475,34","689,50"
MATEMÁTICA,Noturno,x,"679,80","755,82"
MATEMÁTICA COMPUTACIONAL,Matutino,1.1,"335,20","335,20"
MATEMÁTICA COMPUTACIONAL,Matutino,1.2,"634,18","674,94"
MATEMÁTICA COMPUTACIONAL,Matutino,2.2,"656,26","674,10"
MATEMÁTICA COMPUTACIONAL,Matutino,3.1,"607,30","607,30"
MATEMÁTICA COMPUTACIONAL,Matutino,3.2,"549,12","677,70"
MATEMÁTICA COMPUTACIONAL,Matutino,4.2,"703,94","724,50"
MATEMÁTICA COMPUTACIONAL,Matutino,x,"714,64","752,92"
MEDICINA,Integral,1.1,"647,18","713,12"
MEDICINA,Integral,1.2,"741,82","776,96"
MEDICINA,Integral,2.1,"653,80","731,80"
MEDICINA,Integral,2.2,"758,50","787,66"
MEDICINA,Integral,3.1,"643,62","729,34"
MEDICINA,Integral,3.2,"752,14","785,70"
MEDICINA,Integral,4.1,"651,82","754,00"
MEDICINA,Integral,4.2,"773,66","805,12"
MEDICINA,Integral,x,"789,52","851,52"
MEDICINA VETERINÁRIA,Matutino,1.1,"444,28","649,56"
MEDICINA VETERINÁRIA,Matutino,1.2,"682,46","725,74"
MEDICINA VETERINÁRIA,Matutino,2.1,"448,06","650,50"
MEDICINA VETERINÁRIA,Matutino,2.2,"693,38","718,32"
MEDICINA VETERINÁRIA,Matutino,3.1,"503,26","653,24"
MEDICINA VETERINÁRIA,Matutino,3.2,"685,08","718,40"
MEDICINA VETERINÁRIA,Matutino,4.1,"445,08","639,56"
MEDICINA VETERINÁRIA,Matutino,4.2,"700,64","750,02"
MEDICINA VETERINÁRIA,Matutino,x,"714,68","776,14"
MUSEOLOGIA,Matutino,1.1,"521,54","521,54"
MUSEOLOGIA,Matutino,1.2,"604,26","641,84"
MUSEOLOGIA,Matutino,2.1,"564,28","579,56"
MUSEOLOGIA,Matutino,2.2,"594,90","646,90"
MUSEOLOGIA,Matutino,3.1,"523,30","523,30"
MUSEOLOGIA,Matutino,3.2,"596,02","652,74"
MUSEOLOGIA,Matutino,4.1,"566,68","566,68"
MUSEOLOGIA,Matutino,4.2,"539,58","652,80"
MUSEOLOGIA,Matutino,x,"603,76","705,48"
NUTRIÇÃO,Matutino,1.1,"442,84","596,14"
NUTRIÇÃO,Matutino,1.2,"628,08","688,78"
NUTRIÇÃO,Matutino,2.1,"452,08","600,32"
NUTRIÇÃO,Matutino,2.2,"636,80","703,64"
NUTRIÇÃO,Matutino,3.1,"488,52","633,88"
NUTRIÇÃO,Matutino,3.2,"639,52","695,18"
NUTRIÇÃO,Matutino,4.1,"557,22","570,24"
NUTRIÇÃO,Matutino,4.2,"677,20","725,10"
NUTRIÇÃO,Matutino,x,"680,00","748,74"
ODONTOLOGIA,Matutino,1.1,"487,84","703,60"
ODONTOLOGIA,Matutino,1.2,"695,50","744,26"
ODONTOLOGIA,Matutino,2.1,"280,44","664,12"
ODONTOLOGIA,Matutino,2.2,"697,60","735,78"
ODONTOLOGIA,Matutino,3.1,"517,22","662,32"
ODONTOLOGIA,Matutino,3.2,"687,76","743,38"
ODONTOLOGIA,Matutino,4.1,"564,02","626,30"
ODONTOLOGIA,Matutino,4.2,"709,86","748,52"
ODONTOLOGIA,Matutino,x,"729,34","783,64"
PEDAGOGIA,Matutino,1.1,"514,78","538,28"
PEDAGOGIA,Matutino,1.2,"614,24","640,56"
PEDAGOGIA,Matutino,2.1,"519,74","529,44"
PEDAGOGIA,Matutino,2.2,"584,12","665,30"
PEDAGOGIA,Matutino,3.1,"508,78","574,42"
PEDAGOGIA,Matutino,3.2,"587,34","655,04"
PEDAGOGIA,Matutino,4.1,"509,82","592,50"
PEDAGOGIA,Matutino,4.2,"545,30","744,28"
PEDAGOGIA,Matutino,x,"611,76","747,74"
PEDAGOGIA,Noturno,1.1,"461,30","550,28"
PEDAGOGIA,Noturno,1.2,"583,28","661,88"
PEDAGOGIA,Noturno,2.1,"424,96","596,54"
PEDAGOGIA,Noturno,2.2,"585,66","673,30"
PEDAGOGIA,Noturno,3.1,"281,02","565,12"
PEDAGOGIA,Noturno,3.2,"617,44","662,94"
PEDAGOGIA,Noturno,4.1,"441,22","562,60"
PEDAGOGIA,Noturno,4.2,"589,18","650,72"
PEDAGOGIA,Noturno,x,"623,72","714,14"
PSICOLOGIA,Matutino,1.1,"403,90","589,22"
PSICOLOGIA,Matutino,1.2,"663,28","697,06"
PSICOLOGIA,Matutino,2.1,"456,26","652,08"
PSICOLOGIA,Matutino,2.2,"695,52","725,36"
PSICOLOGIA,Matutino,3.1,"487,90","633,10"
PSICOLOGIA,Matutino,3.2,"665,80","729,60"
PSICOLOGIA,Matutino,4.1,"481,72","663,80"
PSICOLOGIA,Matutino,4.2,"688,72","760,42"
PSICOLOGIA,Matutino,x,"724,18","797,74"
PUBLICIDADE E PROPAGANDA,Matutino,1.1,"554,52","577,60"
PUBLICIDADE E PROPAGANDA,Matutino,1.2,"659,14","676,98"
PUBLICIDADE E PROPAGANDA,Matutino,2.1,"444,54","623,42"
PUBLICIDADE E PROPAGANDA,Matutino,2.2,"641,16","708,08"
PUBLICIDADE E PROPAGANDA,Matutino,3.1,"555,58","592,62"
PUBLICIDADE E PROPAGANDA,Matutino,3.2,"681,48","726,34"
PUBLICIDADE E PROPAGANDA,Matutino,4.1,"302,16","606,42"
PUBLICIDADE E PROPAGANDA,Matutino,4.2,"708,02","716,72"
PUBLICIDADE E PROPAGANDA,Matutino,x,"715,80","770,70"
QUÍMICA,Matutino,1.1,"412,60","620,56"
QUÍMICA,Matutino,1.2,"615,40","729,48"
QUÍMICA,Matutino,2.1,"483,64","483,64"
QUÍMICA,Matutino,2.2,"667,86","765,90"
QUÍMICA,Matutino,3.1,"532,92","532,92"
QUÍMICA,Matutino,3.2,"645,78","716,04"
QUÍMICA,Matutino,4.1,"565,12","565,12"
QUÍMICA,Matutino,4.2,"708,96","726,52"
QUÍMICA,Matutino,x,"684,22","769,38"
QUÍMICA,Noturno,1.2,"641,48","675,98"
QUÍMICA,Noturno,2.1,"491,22","491,22"
QUÍMICA,Noturno,2.2,"627,26","664,70"
QUÍMICA,Noturno,3.2,"636,12","680,22"
QUÍMICA,Noturno,4.2,"642,32","754,56"
QUÍMICA,Noturno,x,"649,46","726,54"
QUÍMICA TECNOLÓGICA,Noturno,1.1,"567,86","567,86"
QUÍMICA TECNOLÓGICA,Noturno,1.2,"649,88","667,14"
QUÍMICA TECNOLÓGICA,Noturno,2.1,"544,28","544,28"
QUÍMICA TECNOLÓGICA,Noturno,2.2,"647,90","694,04"
QUÍMICA TECNOLÓGICA,Noturno,3.1,"459,60","459,60"
QUÍMICA TECNOLÓGICA,Noturno,3.2,"661,62","688,98"
QUÍMICA TECNOLÓGICA,Noturno,4.1,"571,88","586,56"
QUÍMICA TECNOLÓGICA,Noturno,4.2,"516,80","702,04"
QUÍMICA TECNOLÓGICA,Noturno,x,"670,38","740,12"
RADIOLOGIA,Noturno,1.1,"427,10","606,16"
RADIOLOGIA,Noturno,1.2,"604,16","686,24"
RADIOLOGIA,Noturno,2.1,"430,36","616,60"
RADIOLOGIA,Noturno,2.2,"590,82","687,84"
RADIOLOGIA,Noturno,3.1,"412,66","589,46"
RADIOLOGIA,Noturno,3.2,"528,26","676,40"
RADIOLOGIA,Noturno,4.1,"485,74","584,76"
RADIOLOGIA,Noturno,4.2,"577,56","696,92"
RADIOLOGIA,Noturno,x,"607,70","732,60"
RELAÇÕES ECONÔMICAS INTERNACIONAIS,Noturno,1.1,"565,26","592,78"
RELAÇÕES ECONÔMICAS INTERNACIONAIS,Noturno,1.2,"661,58","697,32"
RELAÇÕES ECONÔMICAS INTERNACIONAIS,Noturno,2.1,"473,92","639,90"
RELAÇÕES ECONÔMICAS INTERNACIONAIS,Noturno,2.2,"646,56","718,40"
RELAÇÕES ECONÔMICAS INTERNACIONAIS,Noturno,3.1,"544,88","612,58"
RELAÇÕES ECONÔMICAS INTERNACIONAIS,Noturno,3.2,"648,32","716,40"
RELAÇÕES ECONÔMICAS INTERNACIONAIS,Noturno,4.1,"579,84","625,82"
RELAÇÕES ECONÔMICAS INTERNACIONAIS,Noturno,4.2,"668,98","763,12"
RELAÇÕES ECONÔMICAS INTERNACIONAIS,Noturno,x,"712,34","802,30"
RELAÇÕES PÚBLICAS,Matutino,1.1,"534,96","595,12"
RELAÇÕES PÚBLICAS,Matutino,1.2,"576,38","675,56"
RELAÇÕES PÚBLICAS,Matutino,2.2,"622,76","732,62"
RELAÇÕES PÚBLICAS,Matutino,3.1,"573,90","573,90"
RELAÇÕES PÚBLICAS,Matutino,3.2,"635,32","690,56"
RELAÇÕES PÚBLICAS,Matutino,4.2,"700,02","700,22"
RELAÇÕES PÚBLICAS,Matutino,x,"702,96","747,46"
SISTEMAS DE INFORMAÇÃO,Noturno,1.1,"549,36","550,00"
SISTEMAS DE INFORMAÇÃO,Noturno,1.2,"658,48","707,84"
SISTEMAS DE INFORMAÇÃO,Noturno,2.1,"409,12","591,58"
SISTEMAS DE INFORMAÇÃO,Noturno,2.2,"672,64","708,02"
SISTEMAS DE INFORMAÇÃO,Noturno,3.1,"424,02","605,16"
SISTEMAS DE INFORMAÇÃO,Noturno,3.2,"671,42","707,26"
SISTEMAS DE INFORMAÇÃO,Noturno,4.1,"506,80","607,80"
SISTEMAS DE INFORMAÇÃO,Noturno,4.2,"708,52","740,00"
SISTEMAS DE INFORMAÇÃO,Noturno,x,"709,98","778,16"
TERAPIA OCUPACIONAL,Matutino,1.1,"496,20","559,06"
TERAPIA OCUPACIONAL,Matutino,1.2,"570,90","681,82"
TERAPIA OCUPACIONAL,Matutino,2.1,"465,36","578,28"
TERAPIA OCUPACIONAL,Matutino,2.2,"622,74","678,70"
TERAPIA OCUPACIONAL,Matutino,3.1,"473,40","589,30"
TERAPIA OCUPACIONAL,Matutino,3.2,"617,66","705,40"
TERAPIA OCUPACIONAL,Matutino,4.1,"565,46","579,98"
TERAPIA OCUPACIONAL,Matutino,4.2,"623,74","680,36"
TERAPIA OCUPACIONAL,Matutino,x,"638,40","737,90"
TURISMO,Matutino,1.1,"440,96","643,12"
TURISMO,Matutino,1.2,"548,50","661,58"
TURISMO,Matutino,2.1,"500,08","549,34"
TURISMO,Matutino,2.2,"596,94","652,52"
TURISMO,Matutino,3.1,"533,38","636,26"
TURISMO,Matutino,3.2,"590,52","668,44"
TURISMO,Matutino,4.1,"548,40","548,40"
TURISMO,Matutino,4.2,"584,64","676,30"
TURISMO,Matutino,x,"644,60","727,88"
ZOOTECNIA,Matutino,1.1,"508,46","529,66"
ZOOTECNIA,Matutino,1.2,"539,58","646,22"
ZOOTECNIA,Matutino,2.1,"517,04","599,92"
ZOOTECNIA,Matutino,2.2,"491,76","683,98"
ZOOTECNIA,Matutino,3.1,"496,08","508,38"
ZOOTECNIA,Matutino,3.2,"525,44","644,26"
ZOOTECNIA,Matutino,4.1,"457,82","457,82"
ZOOTECNIA,Matutino,4.2,"495,58","662,72"
ZOOTECNIA,Matutino,x,"549,40","710,46"
